{
  "features": [
    "media_score_risco",
    "media_defeitos",
    "percentual_os_altas",
    "total_os_log"
  ],
  "classes": [
    0,
    1,
    2
  ],
  "coef": [
    [
      -7.26356964487891,
      0.09462230787477971,
      -3.999403916230121,
      -2.690558368872724
    ],
    [
      0.4460964572510232,
      -0.19145553775403695,
      -2.7188535562343548,
      0.6851295639092386
    ],
    [
      6.817473187627922,
      0.09683322987926618,
      6.718257472464418,
      2.0054288049634126
    ]
  ],
  "intercept": [
    25.712678708833348,
    -0.19008130132107112,
    -25.522597407513842
  ],
  "test_accuracy": 0.927710843373494
}